run,preempted_positions,total_embb_positions,preemption_fraction,affected_cb_count,affected_cbg_count,failed_cbg_count,retransmission_positions,retransmission_overhead,embb_delivery_efficiency
0,0,288,0.0,0,0,0,0,0.0,1.0
1,0,288,0.0,0,0,0,0,0.0,1.0
2,0,288,0.0,0,0,0,0,0.0,1.0
3,0,288,0.0,0,0,0,0,0.0,1.0
4,0,288,0.0,0,0,0,0,0.0,1.0
5,0,288,0.0,0,0,0,0,0.0,1.0
6,0,288,0.0,0,0,0,0,0.0,1.0
7,0,288,0.0,0,0,0,0,0.0,1.0
8,0,288,0.0,0,0,0,0,0.0,1.0
9,0,288,0.0,0,0,0,0,0.0,1.0
10,0,288,0.0,0,0,0,0,0.0,1.0
11,0,288,0.0,0,0,0,0,0.0,1.0
12,0,288,0.0,0,0,0,0,0.0,1.0
13,0,288,0.0,0,0,0,0,0.0,1.0
14,0,288,0.0,0,0,0,0,0.0,1.0
15,0,288,0.0,0,0,0,0,0.0,1.0
16,0,288,0.0,0,0,0,0,0.0,1.0
17,0,288,0.0,0,0,0,0,0.0,1.0
18,0,288,0.0,0,0,0,0,0.0,1.0
19,0,288,0.0,0,0,0,0,0.0,1.0
20,0,288,0.0,0,0,0,0,0.0,1.0
21,0,288,0.0,0,0,0,0,0.0,1.0
22,0,288,0.0,0,0,0,0,0.0,1.0
23,0,288,0.0,0,0,0,0,0.0,1.0
24,0,288,0.0,0,0,0,0,0.0,1.0
25,0,288,0.0,0,0,0,0,0.0,1.0
26,0,288,0.0,0,0,0,0,0.0,1.0
27,0,288,0.0,0,0,0,0,0.0,1.0
28,0,288,0.0,0,0,0,0,0.0,1.0
29,0,288,0.0,0,0,0,0,0.0,1.0
