run,traffic_level,arrival_rate,seed,preempted_positions,total_embb_positions,preemption_fraction,affected_cb_count,affected_cbg_count,failed_cbg_count,retransmission_positions,retransmission_overhead,embb_delivery_efficiency
0,low,0.05,0,4,288,0.013888888888888888,4,3,0,0,0.0,1.0
1,low,0.05,1,0,288,0.0,0,0,0,0,0.0,1.0
2,low,0.05,2,17,288,0.059027777777777776,8,4,0,0,0.0,1.0
3,low,0.05,3,14,288,0.04861111111111111,6,4,0,0,0.0,1.0
4,low,0.05,4,0,288,0.0,0,0,0,0,0.0,1.0
5,low,0.05,5,0,288,0.0,0,0,0,0,0.0,1.0
6,low,0.05,6,10,288,0.034722222222222224,5,3,0,0,0.0,1.0
7,low,0.05,7,6,288,0.020833333333333332,4,2,0,0,0.0,1.0
8,low,0.05,8,3,288,0.010416666666666666,3,3,0,0,0.0,1.0
9,low,0.05,9,0,288,0.0,0,0,0,0,0.0,1.0
10,low,0.05,10,7,288,0.024305555555555556,5,4,0,0,0.0,1.0
11,low,0.05,11,8,288,0.027777777777777776,6,4,0,0,0.0,1.0
12,low,0.05,12,2,288,0.006944444444444444,2,2,0,0,0.0,1.0
13,low,0.05,13,0,288,0.0,0,0,0,0,0.0,1.0
14,low,0.05,14,0,288,0.0,0,0,0,0,0.0,1.0
15,low,0.05,15,0,288,0.0,0,0,0,0,0.0,1.0
16,low,0.05,16,7,288,0.024305555555555556,4,4,0,0,0.0,1.0
17,low,0.05,17,0,288,0.0,0,0,0,0,0.0,1.0
18,low,0.05,18,8,288,0.027777777777777776,6,4,0,0,0.0,1.0
19,low,0.05,19,4,288,0.013888888888888888,4,3,0,0,0.0,1.0
20,low,0.05,20,11,288,0.03819444444444445,7,4,0,0,0.0,1.0
21,low,0.05,21,5,288,0.017361111111111112,4,3,0,0,0.0,1.0
22,low,0.05,22,10,288,0.034722222222222224,6,4,0,0,0.0,1.0
23,low,0.05,23,14,288,0.04861111111111111,7,4,0,0,0.0,1.0
24,low,0.05,24,7,288,0.024305555555555556,6,4,0,0,0.0,1.0
25,low,0.05,25,26,288,0.09027777777777778,8,4,0,0,0.0,1.0
26,low,0.05,26,4,288,0.013888888888888888,4,4,0,0,0.0,1.0
27,low,0.05,27,10,288,0.034722222222222224,7,4,0,0,0.0,1.0
28,low,0.05,28,0,288,0.0,0,0,0,0,0.0,1.0
29,low,0.05,29,9,288,0.03125,7,4,0,0,0.0,1.0
0,medium,0.2,0,39,288,0.13541666666666666,8,4,0,0,0.0,1.0
1,medium,0.2,1,7,288,0.024305555555555556,7,4,0,0,0.0,1.0
2,medium,0.2,2,26,288,0.09027777777777778,8,4,0,0,0.0,1.0
3,medium,0.2,3,8,288,0.027777777777777776,4,3,0,0,0.0,1.0
4,medium,0.2,4,8,288,0.027777777777777776,5,3,0,0,0.0,1.0
5,medium,0.2,5,10,288,0.034722222222222224,7,4,0,0,0.0,1.0
6,medium,0.2,6,28,288,0.09722222222222222,8,4,0,0,0.0,1.0
7,medium,0.2,7,24,288,0.08333333333333333,8,4,0,0,0.0,1.0
8,medium,0.2,8,16,288,0.05555555555555555,8,4,0,0,0.0,1.0
9,medium,0.2,9,13,288,0.04513888888888889,7,4,0,0,0.0,1.0
10,medium,0.2,10,15,288,0.052083333333333336,7,4,0,0,0.0,1.0
11,medium,0.2,11,21,288,0.07291666666666667,7,4,0,0,0.0,1.0
12,medium,0.2,12,2,288,0.006944444444444444,2,2,0,0,0.0,1.0
13,medium,0.2,13,11,288,0.03819444444444445,5,3,0,0,0.0,1.0
14,medium,0.2,14,13,288,0.04513888888888889,6,4,0,0,0.0,1.0
15,medium,0.2,15,3,288,0.010416666666666666,2,2,0,0,0.0,1.0
16,medium,0.2,16,28,288,0.09722222222222222,8,4,0,0,0.0,1.0
17,medium,0.2,17,26,288,0.09027777777777778,7,4,0,0,0.0,1.0
18,medium,0.2,18,31,288,0.1076388888888889,8,4,0,0,0.0,1.0
19,medium,0.2,19,31,288,0.1076388888888889,8,4,0,0,0.0,1.0
20,medium,0.2,20,35,288,0.12152777777777778,8,4,0,0,0.0,1.0
21,medium,0.2,21,6,288,0.020833333333333332,5,3,0,0,0.0,1.0
22,medium,0.2,22,33,288,0.11458333333333333,8,4,0,0,0.0,1.0
23,medium,0.2,23,16,288,0.05555555555555555,8,4,0,0,0.0,1.0
24,medium,0.2,24,26,288,0.09027777777777778,7,4,0,0,0.0,1.0
25,medium,0.2,25,41,288,0.1423611111111111,8,4,0,0,0.0,1.0
26,medium,0.2,26,24,288,0.08333333333333333,8,4,0,0,0.0,1.0
27,medium,0.2,27,45,288,0.15625,8,4,0,0,0.0,1.0
28,medium,0.2,28,34,288,0.11805555555555555,8,4,0,0,0.0,1.0
29,medium,0.2,29,24,288,0.08333333333333333,7,4,0,0,0.0,1.0
0,high,0.5,0,44,288,0.1527777777777778,8,4,0,0,0.0,1.0
1,high,0.5,1,38,288,0.13194444444444445,8,4,0,0,0.0,1.0
2,high,0.5,2,71,288,0.2465277777777778,8,4,2,144,0.5,0.6666666666666666
3,high,0.5,3,60,288,0.20833333333333334,8,4,0,0,0.0,1.0
4,high,0.5,4,36,288,0.125,8,4,0,0,0.0,1.0
5,high,0.5,5,65,288,0.22569444444444445,8,4,2,144,0.5,0.6666666666666666
6,high,0.5,6,67,288,0.2326388888888889,8,4,2,144,0.5,0.6666666666666666
7,high,0.5,7,35,288,0.12152777777777778,8,4,0,0,0.0,1.0
8,high,0.5,8,66,288,0.22916666666666666,8,4,1,72,0.25,0.8
9,high,0.5,9,51,288,0.17708333333333334,8,4,1,72,0.25,0.8
10,high,0.5,10,59,288,0.2048611111111111,8,4,0,0,0.0,1.0
11,high,0.5,11,76,288,0.2638888888888889,8,4,4,288,1.0,0.5
12,high,0.5,12,38,288,0.13194444444444445,8,4,0,0,0.0,1.0
13,high,0.5,13,54,288,0.1875,8,4,0,0,0.0,1.0
14,high,0.5,14,48,288,0.16666666666666666,8,4,0,0,0.0,1.0
15,high,0.5,15,56,288,0.19444444444444445,8,4,1,72,0.25,0.8
16,high,0.5,16,64,288,0.2222222222222222,8,4,1,72,0.25,0.8
17,high,0.5,17,106,288,0.3680555555555556,8,4,4,288,1.0,0.5
18,high,0.5,18,71,288,0.2465277777777778,8,4,2,144,0.5,0.6666666666666666
19,high,0.5,19,58,288,0.2013888888888889,8,4,2,144,0.5,0.6666666666666666
20,high,0.5,20,91,288,0.3159722222222222,8,4,4,288,1.0,0.5
21,high,0.5,21,23,288,0.0798611111111111,8,4,0,0,0.0,1.0
22,high,0.5,22,81,288,0.28125,8,4,3,216,0.75,0.5714285714285714
23,high,0.5,23,40,288,0.1388888888888889,8,4,0,0,0.0,1.0
24,high,0.5,24,51,288,0.17708333333333334,8,4,0,0,0.0,1.0
25,high,0.5,25,60,288,0.20833333333333334,8,4,1,72,0.25,0.8
26,high,0.5,26,55,288,0.1909722222222222,8,4,0,0,0.0,1.0
27,high,0.5,27,45,288,0.15625,8,4,0,0,0.0,1.0
28,high,0.5,28,40,288,0.1388888888888889,8,4,0,0,0.0,1.0
29,high,0.5,29,70,288,0.24305555555555555,8,4,3,216,0.75,0.5714285714285714
