run,preemption_pattern,seed,arrival_rate,preempted_positions,total_embb_positions,preemption_fraction,affected_cb_count,affected_cbg_count,failed_cbg_count,retransmission_positions,retransmission_overhead,embb_delivery_efficiency
0,concentrated,0,0.2,29,288,0.10069444444444445,2,2,0,0,0.0,1.0
1,concentrated,1,0.2,29,288,0.10069444444444445,2,2,0,0,0.0,1.0
2,concentrated,2,0.2,29,288,0.10069444444444445,2,2,0,0,0.0,1.0
3,concentrated,3,0.2,29,288,0.10069444444444445,2,2,0,0,0.0,1.0
4,concentrated,4,0.2,29,288,0.10069444444444445,2,2,0,0,0.0,1.0
5,concentrated,5,0.2,29,288,0.10069444444444445,2,2,0,0,0.0,1.0
6,concentrated,6,0.2,29,288,0.10069444444444445,2,2,0,0,0.0,1.0
7,concentrated,7,0.2,29,288,0.10069444444444445,2,2,0,0,0.0,1.0
8,concentrated,8,0.2,29,288,0.10069444444444445,2,2,0,0,0.0,1.0
9,concentrated,9,0.2,29,288,0.10069444444444445,2,2,0,0,0.0,1.0
10,concentrated,10,0.2,29,288,0.10069444444444445,2,2,0,0,0.0,1.0
11,concentrated,11,0.2,29,288,0.10069444444444445,2,2,0,0,0.0,1.0
12,concentrated,12,0.2,29,288,0.10069444444444445,2,2,0,0,0.0,1.0
13,concentrated,13,0.2,29,288,0.10069444444444445,2,2,0,0,0.0,1.0
14,concentrated,14,0.2,29,288,0.10069444444444445,2,2,0,0,0.0,1.0
15,concentrated,15,0.2,29,288,0.10069444444444445,2,2,0,0,0.0,1.0
16,concentrated,16,0.2,29,288,0.10069444444444445,2,2,0,0,0.0,1.0
17,concentrated,17,0.2,29,288,0.10069444444444445,2,2,0,0,0.0,1.0
18,concentrated,18,0.2,29,288,0.10069444444444445,2,2,0,0,0.0,1.0
19,concentrated,19,0.2,29,288,0.10069444444444445,2,2,0,0,0.0,1.0
20,concentrated,20,0.2,29,288,0.10069444444444445,2,2,0,0,0.0,1.0
21,concentrated,21,0.2,29,288,0.10069444444444445,2,2,0,0,0.0,1.0
22,concentrated,22,0.2,29,288,0.10069444444444445,2,2,0,0,0.0,1.0
23,concentrated,23,0.2,29,288,0.10069444444444445,2,2,0,0,0.0,1.0
24,concentrated,24,0.2,29,288,0.10069444444444445,2,2,0,0,0.0,1.0
25,concentrated,25,0.2,29,288,0.10069444444444445,2,2,0,0,0.0,1.0
26,concentrated,26,0.2,29,288,0.10069444444444445,2,2,0,0,0.0,1.0
27,concentrated,27,0.2,29,288,0.10069444444444445,2,2,0,0,0.0,1.0
28,concentrated,28,0.2,29,288,0.10069444444444445,2,2,0,0,0.0,1.0
29,concentrated,29,0.2,29,288,0.10069444444444445,2,2,0,0,0.0,1.0
0,distributed,0,0.2,29,288,0.10069444444444445,8,4,0,0,0.0,1.0
1,distributed,1,0.2,29,288,0.10069444444444445,8,4,0,0,0.0,1.0
2,distributed,2,0.2,29,288,0.10069444444444445,8,4,0,0,0.0,1.0
3,distributed,3,0.2,29,288,0.10069444444444445,8,4,0,0,0.0,1.0
4,distributed,4,0.2,29,288,0.10069444444444445,8,4,0,0,0.0,1.0
5,distributed,5,0.2,29,288,0.10069444444444445,8,4,0,0,0.0,1.0
6,distributed,6,0.2,29,288,0.10069444444444445,8,4,0,0,0.0,1.0
7,distributed,7,0.2,29,288,0.10069444444444445,8,4,0,0,0.0,1.0
8,distributed,8,0.2,29,288,0.10069444444444445,8,4,0,0,0.0,1.0
9,distributed,9,0.2,29,288,0.10069444444444445,8,4,0,0,0.0,1.0
10,distributed,10,0.2,29,288,0.10069444444444445,8,4,0,0,0.0,1.0
11,distributed,11,0.2,29,288,0.10069444444444445,8,4,0,0,0.0,1.0
12,distributed,12,0.2,29,288,0.10069444444444445,8,4,0,0,0.0,1.0
13,distributed,13,0.2,29,288,0.10069444444444445,8,4,0,0,0.0,1.0
14,distributed,14,0.2,29,288,0.10069444444444445,8,4,0,0,0.0,1.0
15,distributed,15,0.2,29,288,0.10069444444444445,8,4,0,0,0.0,1.0
16,distributed,16,0.2,29,288,0.10069444444444445,8,4,0,0,0.0,1.0
17,distributed,17,0.2,29,288,0.10069444444444445,8,4,0,0,0.0,1.0
18,distributed,18,0.2,29,288,0.10069444444444445,8,4,0,0,0.0,1.0
19,distributed,19,0.2,29,288,0.10069444444444445,8,4,0,0,0.0,1.0
20,distributed,20,0.2,29,288,0.10069444444444445,8,4,0,0,0.0,1.0
21,distributed,21,0.2,29,288,0.10069444444444445,8,4,0,0,0.0,1.0
22,distributed,22,0.2,29,288,0.10069444444444445,8,4,0,0,0.0,1.0
23,distributed,23,0.2,29,288,0.10069444444444445,8,4,0,0,0.0,1.0
24,distributed,24,0.2,29,288,0.10069444444444445,8,4,0,0,0.0,1.0
25,distributed,25,0.2,29,288,0.10069444444444445,8,4,0,0,0.0,1.0
26,distributed,26,0.2,29,288,0.10069444444444445,8,4,0,0,0.0,1.0
27,distributed,27,0.2,29,288,0.10069444444444445,8,4,0,0,0.0,1.0
28,distributed,28,0.2,29,288,0.10069444444444445,8,4,0,0,0.0,1.0
29,distributed,29,0.2,29,288,0.10069444444444445,8,4,0,0,0.0,1.0
0,random,0,0.2,29,288,0.10069444444444445,8,4,0,0,0.0,1.0
1,random,1,0.2,29,288,0.10069444444444445,8,4,0,0,0.0,1.0
2,random,2,0.2,29,288,0.10069444444444445,8,4,0,0,0.0,1.0
3,random,3,0.2,29,288,0.10069444444444445,8,4,0,0,0.0,1.0
4,random,4,0.2,29,288,0.10069444444444445,8,4,0,0,0.0,1.0
5,random,5,0.2,29,288,0.10069444444444445,7,4,0,0,0.0,1.0
6,random,6,0.2,29,288,0.10069444444444445,8,4,0,0,0.0,1.0
7,random,7,0.2,29,288,0.10069444444444445,8,4,0,0,0.0,1.0
8,random,8,0.2,29,288,0.10069444444444445,8,4,0,0,0.0,1.0
9,random,9,0.2,29,288,0.10069444444444445,8,4,0,0,0.0,1.0
10,random,10,0.2,29,288,0.10069444444444445,8,4,0,0,0.0,1.0
11,random,11,0.2,29,288,0.10069444444444445,8,4,0,0,0.0,1.0
12,random,12,0.2,29,288,0.10069444444444445,8,4,0,0,0.0,1.0
13,random,13,0.2,29,288,0.10069444444444445,8,4,0,0,0.0,1.0
14,random,14,0.2,29,288,0.10069444444444445,8,4,0,0,0.0,1.0
15,random,15,0.2,29,288,0.10069444444444445,8,4,0,0,0.0,1.0
16,random,16,0.2,29,288,0.10069444444444445,8,4,0,0,0.0,1.0
17,random,17,0.2,29,288,0.10069444444444445,8,4,0,0,0.0,1.0
18,random,18,0.2,29,288,0.10069444444444445,8,4,0,0,0.0,1.0
19,random,19,0.2,29,288,0.10069444444444445,8,4,0,0,0.0,1.0
20,random,20,0.2,29,288,0.10069444444444445,8,4,0,0,0.0,1.0
21,random,21,0.2,29,288,0.10069444444444445,8,4,0,0,0.0,1.0
22,random,22,0.2,29,288,0.10069444444444445,8,4,0,0,0.0,1.0
23,random,23,0.2,29,288,0.10069444444444445,8,4,0,0,0.0,1.0
24,random,24,0.2,29,288,0.10069444444444445,7,4,0,0,0.0,1.0
25,random,25,0.2,29,288,0.10069444444444445,8,4,0,0,0.0,1.0
26,random,26,0.2,29,288,0.10069444444444445,8,4,0,0,0.0,1.0
27,random,27,0.2,29,288,0.10069444444444445,8,4,0,0,0.0,1.0
28,random,28,0.2,29,288,0.10069444444444445,8,4,0,0,0.0,1.0
29,random,29,0.2,29,288,0.10069444444444445,7,4,0,0,0.0,1.0
