run,cbg_count,seed,arrival_rate,preempted_positions,total_embb_positions,preemption_fraction,affected_cb_count,affected_cbg_count,failed_cbg_count,retransmission_positions,retransmission_overhead,embb_delivery_efficiency
0,2,0,0.2,29,288,0.10069444444444445,8,2,0,0,0.0,1.0
1,2,1,0.2,29,288,0.10069444444444445,8,2,0,0,0.0,1.0
2,2,2,0.2,29,288,0.10069444444444445,8,2,0,0,0.0,1.0
3,2,3,0.2,29,288,0.10069444444444445,8,2,0,0,0.0,1.0
4,2,4,0.2,29,288,0.10069444444444445,8,2,0,0,0.0,1.0
5,2,5,0.2,29,288,0.10069444444444445,7,2,0,0,0.0,1.0
6,2,6,0.2,29,288,0.10069444444444445,8,2,0,0,0.0,1.0
7,2,7,0.2,29,288,0.10069444444444445,8,2,0,0,0.0,1.0
8,2,8,0.2,29,288,0.10069444444444445,8,2,0,0,0.0,1.0
9,2,9,0.2,29,288,0.10069444444444445,8,2,0,0,0.0,1.0
10,2,10,0.2,29,288,0.10069444444444445,8,2,0,0,0.0,1.0
11,2,11,0.2,29,288,0.10069444444444445,8,2,0,0,0.0,1.0
12,2,12,0.2,29,288,0.10069444444444445,8,2,0,0,0.0,1.0
13,2,13,0.2,29,288,0.10069444444444445,8,2,0,0,0.0,1.0
14,2,14,0.2,29,288,0.10069444444444445,8,2,0,0,0.0,1.0
15,2,15,0.2,29,288,0.10069444444444445,8,2,0,0,0.0,1.0
16,2,16,0.2,29,288,0.10069444444444445,8,2,0,0,0.0,1.0
17,2,17,0.2,29,288,0.10069444444444445,8,2,0,0,0.0,1.0
18,2,18,0.2,29,288,0.10069444444444445,8,2,0,0,0.0,1.0
19,2,19,0.2,29,288,0.10069444444444445,8,2,0,0,0.0,1.0
20,2,20,0.2,29,288,0.10069444444444445,8,2,0,0,0.0,1.0
21,2,21,0.2,29,288,0.10069444444444445,8,2,0,0,0.0,1.0
22,2,22,0.2,29,288,0.10069444444444445,8,2,0,0,0.0,1.0
23,2,23,0.2,29,288,0.10069444444444445,8,2,0,0,0.0,1.0
24,2,24,0.2,29,288,0.10069444444444445,7,2,0,0,0.0,1.0
25,2,25,0.2,29,288,0.10069444444444445,8,2,0,0,0.0,1.0
26,2,26,0.2,29,288,0.10069444444444445,8,2,0,0,0.0,1.0
27,2,27,0.2,29,288,0.10069444444444445,8,2,0,0,0.0,1.0
28,2,28,0.2,29,288,0.10069444444444445,8,2,0,0,0.0,1.0
29,2,29,0.2,29,288,0.10069444444444445,7,2,0,0,0.0,1.0
0,4,0,0.2,29,288,0.10069444444444445,8,4,0,0,0.0,1.0
1,4,1,0.2,29,288,0.10069444444444445,8,4,0,0,0.0,1.0
2,4,2,0.2,29,288,0.10069444444444445,8,4,0,0,0.0,1.0
3,4,3,0.2,29,288,0.10069444444444445,8,4,0,0,0.0,1.0
4,4,4,0.2,29,288,0.10069444444444445,8,4,0,0,0.0,1.0
5,4,5,0.2,29,288,0.10069444444444445,7,4,0,0,0.0,1.0
6,4,6,0.2,29,288,0.10069444444444445,8,4,0,0,0.0,1.0
7,4,7,0.2,29,288,0.10069444444444445,8,4,0,0,0.0,1.0
8,4,8,0.2,29,288,0.10069444444444445,8,4,0,0,0.0,1.0
9,4,9,0.2,29,288,0.10069444444444445,8,4,0,0,0.0,1.0
10,4,10,0.2,29,288,0.10069444444444445,8,4,0,0,0.0,1.0
11,4,11,0.2,29,288,0.10069444444444445,8,4,0,0,0.0,1.0
12,4,12,0.2,29,288,0.10069444444444445,8,4,0,0,0.0,1.0
13,4,13,0.2,29,288,0.10069444444444445,8,4,0,0,0.0,1.0
14,4,14,0.2,29,288,0.10069444444444445,8,4,0,0,0.0,1.0
15,4,15,0.2,29,288,0.10069444444444445,8,4,0,0,0.0,1.0
16,4,16,0.2,29,288,0.10069444444444445,8,4,0,0,0.0,1.0
17,4,17,0.2,29,288,0.10069444444444445,8,4,0,0,0.0,1.0
18,4,18,0.2,29,288,0.10069444444444445,8,4,0,0,0.0,1.0
19,4,19,0.2,29,288,0.10069444444444445,8,4,0,0,0.0,1.0
20,4,20,0.2,29,288,0.10069444444444445,8,4,0,0,0.0,1.0
21,4,21,0.2,29,288,0.10069444444444445,8,4,0,0,0.0,1.0
22,4,22,0.2,29,288,0.10069444444444445,8,4,0,0,0.0,1.0
23,4,23,0.2,29,288,0.10069444444444445,8,4,0,0,0.0,1.0
24,4,24,0.2,29,288,0.10069444444444445,7,4,0,0,0.0,1.0
25,4,25,0.2,29,288,0.10069444444444445,8,4,0,0,0.0,1.0
26,4,26,0.2,29,288,0.10069444444444445,8,4,0,0,0.0,1.0
27,4,27,0.2,29,288,0.10069444444444445,8,4,0,0,0.0,1.0
28,4,28,0.2,29,288,0.10069444444444445,8,4,0,0,0.0,1.0
29,4,29,0.2,29,288,0.10069444444444445,7,4,0,0,0.0,1.0
0,8,0,0.2,29,288,0.10069444444444445,8,8,0,0,0.0,1.0
1,8,1,0.2,29,288,0.10069444444444445,8,8,0,0,0.0,1.0
2,8,2,0.2,29,288,0.10069444444444445,8,8,0,0,0.0,1.0
3,8,3,0.2,29,288,0.10069444444444445,8,8,0,0,0.0,1.0
4,8,4,0.2,29,288,0.10069444444444445,8,8,0,0,0.0,1.0
5,8,5,0.2,29,288,0.10069444444444445,7,7,0,0,0.0,1.0
6,8,6,0.2,29,288,0.10069444444444445,8,8,0,0,0.0,1.0
7,8,7,0.2,29,288,0.10069444444444445,8,8,0,0,0.0,1.0
8,8,8,0.2,29,288,0.10069444444444445,8,8,0,0,0.0,1.0
9,8,9,0.2,29,288,0.10069444444444445,8,8,0,0,0.0,1.0
10,8,10,0.2,29,288,0.10069444444444445,8,8,0,0,0.0,1.0
11,8,11,0.2,29,288,0.10069444444444445,8,8,0,0,0.0,1.0
12,8,12,0.2,29,288,0.10069444444444445,8,8,0,0,0.0,1.0
13,8,13,0.2,29,288,0.10069444444444445,8,8,0,0,0.0,1.0
14,8,14,0.2,29,288,0.10069444444444445,8,8,0,0,0.0,1.0
15,8,15,0.2,29,288,0.10069444444444445,8,8,0,0,0.0,1.0
16,8,16,0.2,29,288,0.10069444444444445,8,8,0,0,0.0,1.0
17,8,17,0.2,29,288,0.10069444444444445,8,8,0,0,0.0,1.0
18,8,18,0.2,29,288,0.10069444444444445,8,8,0,0,0.0,1.0
19,8,19,0.2,29,288,0.10069444444444445,8,8,0,0,0.0,1.0
20,8,20,0.2,29,288,0.10069444444444445,8,8,0,0,0.0,1.0
21,8,21,0.2,29,288,0.10069444444444445,8,8,0,0,0.0,1.0
22,8,22,0.2,29,288,0.10069444444444445,8,8,0,0,0.0,1.0
23,8,23,0.2,29,288,0.10069444444444445,8,8,0,0,0.0,1.0
24,8,24,0.2,29,288,0.10069444444444445,7,7,0,0,0.0,1.0
25,8,25,0.2,29,288,0.10069444444444445,8,8,0,0,0.0,1.0
26,8,26,0.2,29,288,0.10069444444444445,8,8,0,0,0.0,1.0
27,8,27,0.2,29,288,0.10069444444444445,8,8,0,0,0.0,1.0
28,8,28,0.2,29,288,0.10069444444444445,8,8,0,0,0.0,1.0
29,8,29,0.2,29,288,0.10069444444444445,7,7,0,0,0.0,1.0
