snr_db,preemption_fraction,pattern,cbg_count,runs,mean_failed_cbg,failure_occurrence_rate,mean_retransmission_overhead
8.0,0.05,concentrated,4,30,0.1,0.1,0.025
8.0,0.05,distributed,4,30,0.06666666666666667,0.06666666666666667,0.016666666666666666
8.0,0.05,random,4,30,0.1,0.1,0.025
8.0,0.1,concentrated,4,30,1.1666666666666667,0.8,0.2916666666666667
8.0,0.1,distributed,4,30,0.3333333333333333,0.3333333333333333,0.08333333333333333
8.0,0.1,random,4,30,0.5333333333333333,0.43333333333333335,0.13333333333333333
8.0,0.15,concentrated,4,30,1.7666666666666666,1.0,0.44166666666666665
8.0,0.15,distributed,4,30,1.1333333333333333,0.8,0.2833333333333333
8.0,0.15,random,4,30,1.1666666666666667,0.7666666666666667,0.2916666666666667
8.0,0.2,concentrated,4,30,2.0,1.0,0.5
8.0,0.2,distributed,4,30,1.9333333333333333,0.9333333333333333,0.48333333333333334
8.0,0.2,random,4,30,2.1,0.9666666666666667,0.525
8.0,0.25,concentrated,4,30,2.0,1.0,0.5
8.0,0.25,distributed,4,30,2.7333333333333334,1.0,0.6833333333333333
8.0,0.25,random,4,30,2.7,1.0,0.675
8.0,0.3,concentrated,4,30,2.0,1.0,0.5
8.0,0.3,distributed,4,30,3.433333333333333,1.0,0.8583333333333333
8.0,0.3,random,4,30,3.2,1.0,0.8
10.0,0.05,concentrated,4,30,0.0,0.0,0.0
10.0,0.05,distributed,4,30,0.0,0.0,0.0
10.0,0.05,random,4,30,0.0,0.0,0.0
10.0,0.1,concentrated,4,30,0.06666666666666667,0.06666666666666667,0.016666666666666666
10.0,0.1,distributed,4,30,0.0,0.0,0.0
10.0,0.1,random,4,30,0.0,0.0,0.0
10.0,0.15,concentrated,4,30,0.7,0.5666666666666667,0.175
10.0,0.15,distributed,4,30,0.0,0.0,0.0
10.0,0.15,random,4,30,0.0,0.0,0.0
10.0,0.2,concentrated,4,30,1.6333333333333333,0.9666666666666667,0.4083333333333333
10.0,0.2,distributed,4,30,0.06666666666666667,0.06666666666666667,0.016666666666666666
10.0,0.2,random,4,30,0.1,0.1,0.025
10.0,0.25,concentrated,4,30,2.0,1.0,0.5
10.0,0.25,distributed,4,30,0.2,0.2,0.05
10.0,0.25,random,4,30,0.6333333333333333,0.5666666666666667,0.15833333333333333
10.0,0.3,concentrated,4,30,2.0,1.0,0.5
10.0,0.3,distributed,4,30,1.2,0.8,0.3
10.0,0.3,random,4,30,1.4333333333333333,0.9,0.35833333333333334
12.0,0.05,concentrated,4,30,0.0,0.0,0.0
12.0,0.05,distributed,4,30,0.0,0.0,0.0
12.0,0.05,random,4,30,0.0,0.0,0.0
12.0,0.1,concentrated,4,30,0.0,0.0,0.0
12.0,0.1,distributed,4,30,0.0,0.0,0.0
12.0,0.1,random,4,30,0.0,0.0,0.0
12.0,0.15,concentrated,4,30,0.03333333333333333,0.03333333333333333,0.008333333333333333
12.0,0.15,distributed,4,30,0.0,0.0,0.0
12.0,0.15,random,4,30,0.0,0.0,0.0
12.0,0.2,concentrated,4,30,0.7,0.5666666666666667,0.175
12.0,0.2,distributed,4,30,0.0,0.0,0.0
12.0,0.2,random,4,30,0.0,0.0,0.0
12.0,0.25,concentrated,4,30,1.7666666666666666,1.0,0.44166666666666665
12.0,0.25,distributed,4,30,0.0,0.0,0.0
12.0,0.25,random,4,30,0.0,0.0,0.0
12.0,0.3,concentrated,4,30,2.0,1.0,0.5
12.0,0.3,distributed,4,30,0.03333333333333333,0.03333333333333333,0.008333333333333333
12.0,0.3,random,4,30,0.03333333333333333,0.03333333333333333,0.008333333333333333
8.0,0.1,random,2,30,0.23333333333333334,0.2,0.11666666666666667
8.0,0.1,random,4,30,0.5333333333333333,0.43333333333333335,0.13333333333333333
8.0,0.1,random,8,30,1.2,0.7,0.15
10.0,0.1,random,2,30,0.0,0.0,0.0
10.0,0.1,random,4,30,0.0,0.0,0.0
10.0,0.1,random,8,30,0.03333333333333333,0.03333333333333333,0.004166666666666667
12.0,0.1,random,2,30,0.0,0.0,0.0
12.0,0.1,random,4,30,0.0,0.0,0.0
12.0,0.1,random,8,30,0.0,0.0,0.0
